<?xml version="1.0" encoding="UTF-8"?>
<project-private xmlns="http://www.netbeans.org/ns/project-private/1">
    <editor-bookmarks xmlns="http://www.netbeans.org/ns/editor-bookmarks/2" lastBookmarkId="0"/>
    <open-files xmlns="http://www.netbeans.org/ns/projectui-open-files/2">
        <group>
            <file>file:/R:/Desktop/GP-AltF4rq-VeicoliAziendali-Developer-Cappellini-Wiki-Doc/Grafica/prova/src/NewJFrame.java</file>
            <file>file:/R:/Desktop/GP-AltF4rq-VeicoliAziendali-Developer-Cappellini-Wiki-Doc/Grafica/prova/src/NewJDialog.java</file>
        </group>
    </open-files>
</project-private>
